{
  "corpus": {
    "naive": {
      "n": 40,
      "wer": 0.4355546701105911,
      "cer": 0.43701100398383713,
      "em": 0.0
    },
    "competitive": {
      "n": 40,
      "wer": 0.20890196426380636,
      "cer": 0.174573078731674,
      "em": 0.275
    },
    "sarvam_fewshot": {
      "n": 40,
      "wer": 0.4994380856716383,
      "cer": 0.3536345089568147,
      "em": 0.05
    },
    "sarvam_lora": {
      "n": 40,
      "wer": 0.07961115273615274,
      "cer": 0.06366106356999088,
      "em": 0.625
    }
  },
  "per_category_wer": {
    "naive": {
      "id+time": 0.5625,
      "acronym+currency": 0.5384615384615384,
      "otp+id": 0.7894736842105263,
      "time+ordinal": 0.4166666666666667,
      "acronym+decimal": 0.5,
      "currency-lakh": 0.3333333333333333,
      "currency-symbol-crore": 0.4,
      "phone": 0.7142857142857143,
      "percent": 0.3333333333333333,
      "date-slash": 0.7777777777777778,
      "year": 0.625,
      "units-distance": 0.4444444444444444,
      "units-weight": 0.5,
      "range": 0.375,
      "time-24h": 0.75,
      "fraction": 0.16666666666666666,
      "acronym-finance": 0.5,
      "upi-id": 0.5,
      "devanagari-mix": 0.25,
      "model-number": 0.125,
      "score-ratio": 0.5454545454545454,
      "temperature-negative": 0.25,
      "abbrev-multi": 0.3,
      "data-units": 0.5,
      "flight-code": 0.5454545454545454,
      "ordinal-large": 0.2857142857142857,
      "time-half": 0.375,
      "currency-paise": 0.6666666666666666,
      "acronym-gov": 0.1111111111111111,
      "big-number": 0.5,
      "math-expr": 0.4166666666666667,
      "version": 0.14285714285714285,
      "time-oclock": 0.16666666666666666,
      "pincode": 0.5454545454545454,
      "percent-decimal": 0.45454545454545453,
      "acronym-tech": 0.2222222222222222,
      "speed-unit": 0.4444444444444444,
      "date-ordinal-month": 0.14285714285714285,
      "id-alphanum-mixed": 0.5384615384615384,
      "multi-number-context": 0.6666666666666666
    },
    "competitive": {
      "id+time": 0.25,
      "acronym+currency": 0.23076923076923078,
      "otp+id": 0.5789473684210527,
      "time+ordinal": 0.0,
      "acronym+decimal": 0.16666666666666666,
      "currency-lakh": 0.0,
      "currency-symbol-crore": 0.0,
      "phone": 0.5714285714285714,
      "percent": 0.0,
      "date-slash": 0.4444444444444444,
      "year": 0.5,
      "units-distance": 0.1111111111111111,
      "units-weight": 0.2,
      "range": 0.375,
      "time-24h": 0.25,
      "fraction": 0.3333333333333333,
      "acronym-finance": 0.1,
      "upi-id": 0.3,
      "devanagari-mix": 0.0,
      "model-number": 0.0,
      "score-ratio": 0.09090909090909091,
      "temperature-negative": 0.25,
      "abbrev-multi": 0.3,
      "data-units": 0.14285714285714285,
      "flight-code": 0.45454545454545453,
      "ordinal-large": 0.14285714285714285,
      "time-half": 0.25,
      "currency-paise": 0.4444444444444444,
      "acronym-gov": 0.1111111111111111,
      "big-number": 0.0,
      "math-expr": 0.16666666666666666,
      "version": 0.0,
      "time-oclock": 0.0,
      "pincode": 0.36363636363636365,
      "percent-decimal": 0.0,
      "acronym-tech": 0.2222222222222222,
      "speed-unit": 0.3333333333333333,
      "date-ordinal-month": 0.0,
      "id-alphanum-mixed": 0.5384615384615384,
      "multi-number-context": 0.13333333333333333
    },
    "sarvam_fewshot": {
      "id+time": 0.4375,
      "acronym+currency": 0.5384615384615384,
      "otp+id": 0.47368421052631576,
      "time+ordinal": 0.75,
      "acronym+decimal": 0.25,
      "currency-lakh": 0.0,
      "currency-symbol-crore": 0.7,
      "phone": 0.14285714285714285,
      "percent": 0.1111111111111111,
      "date-slash": 0.5555555555555556,
      "year": 0.25,
      "units-distance": 0.5555555555555556,
      "units-weight": 0.8,
      "range": 0.5,
      "time-24h": 0.5,
      "fraction": 0.6666666666666666,
      "acronym-finance": 0.4,
      "upi-id": 0.9,
      "devanagari-mix": 0.875,
      "model-number": 0.125,
      "score-ratio": 0.36363636363636365,
      "temperature-negative": 0.25,
      "abbrev-multi": 0.3,
      "data-units": 0.8571428571428571,
      "flight-code": 0.6363636363636364,
      "ordinal-large": 0.0,
      "time-half": 0.75,
      "currency-paise": 0.6666666666666666,
      "acronym-gov": 0.4444444444444444,
      "big-number": 0.6,
      "math-expr": 0.3333333333333333,
      "version": 1.0,
      "time-oclock": 0.5,
      "pincode": 0.5454545454545454,
      "percent-decimal": 0.09090909090909091,
      "acronym-tech": 1.0,
      "speed-unit": 0.1111111111111111,
      "date-ordinal-month": 0.5714285714285714,
      "id-alphanum-mixed": 0.6923076923076923,
      "multi-number-context": 0.7333333333333333
    },
    "sarvam_lora": {
      "id+time": 0.0,
      "acronym+currency": 0.23076923076923078,
      "otp+id": 0.0,
      "time+ordinal": 0.0,
      "acronym+decimal": 0.16666666666666666,
      "currency-lakh": 0.0,
      "currency-symbol-crore": 0.0,
      "phone": 0.0,
      "percent": 0.0,
      "date-slash": 0.0,
      "year": 0.0,
      "units-distance": 0.0,
      "units-weight": 0.0,
      "range": 0.25,
      "time-24h": 0.0,
      "fraction": 0.16666666666666666,
      "acronym-finance": 0.0,
      "upi-id": 0.3,
      "devanagari-mix": 0.0,
      "model-number": 0.0,
      "score-ratio": 0.2727272727272727,
      "temperature-negative": 0.125,
      "abbrev-multi": 0.0,
      "data-units": 0.0,
      "flight-code": 0.0,
      "ordinal-large": 0.14285714285714285,
      "time-half": 0.25,
      "currency-paise": 0.3333333333333333,
      "acronym-gov": 0.0,
      "big-number": 0.0,
      "math-expr": 0.08333333333333333,
      "version": 0.0,
      "time-oclock": 0.0,
      "pincode": 0.45454545454545453,
      "percent-decimal": 0.0,
      "acronym-tech": 0.0,
      "speed-unit": 0.1111111111111111,
      "date-ordinal-month": 0.0,
      "id-alphanum-mixed": 0.23076923076923078,
      "multi-number-context": 0.06666666666666667
    }
  },
  "llm_mean_latency_ms": {
    "sarvam_fewshot": 2030.890142917633,
    "sarvam_lora": 938.940042257309
  }
}