{
  "timesteps": 50,
  "tokens": 137,
  "parity": {
    "max_abs": 0.002315521240234375,
    "mae": 9.743979171616957e-05,
    "allclose_1e-3": true
  },
  "latency_ms": {
    "eager": 805.6734008789062,
    "fused": 810.829833984375
  },
  "vram_mib": {
    "eager": 217.3115234375,
    "fused": 217.3115234375
  },
  "speedup_pct": -0.6400153089134649
}